,Event Marker,Event Time
0,film_2_el_mourabbi.mp4,1606903554.5128577
1,video_finish,1606904128.734222
2,general_questions,1606904128.8341656
3,film_3_de_chinese_muur.mp4,1606904268.0326283
4,video_finish,1606904884.3099954
5,general_questions,1606904884.4099412
6,film_4_one_of_the_boys.mp4,1606905029.657783
7,video_finish,1606905688.441428
8,general_questions,1606905688.5563622
9,film_5_samual.mp4,1606905811.8433816
10,video_finish,1606906437.0845149
11,general_questions,1606906437.1724637
12,film_6_turn_it_around.mp4,1606906620.672061
13,video_finish,1606907178.8147352
14,general_questions,1606907178.9574428
15,film_1_chauffeur.mp4,1606907311.9649546
16,video_finish,1606907896.6503954
17,general_questions,1606907896.7593355
