,Event Marker,Event Time
0,film_6_turn_it_around.mp4,1606731422.7999237
1,video_finish,1606731989.7395277
2,general_questions,1606731989.8274796
3,film_3_de_chinese_muur.mp4,1606732165.4132338
4,video_finish,1606732797.0699298
5,general_questions,1606732797.1748672
6,film_1_chauffeur.mp4,1606732963.2285235
7,video_finish,1606733567.8748405
8,general_questions,1606733567.9817781
9,film_5_samual.mp4,1606733776.7220385
10,video_finish,1606734419.8598225
11,general_questions,1606734419.9617827
12,film_2_el_mourabbi.mp4,1606734589.6178856
13,video_finish,1606735193.9483755
14,general_questions,1606735194.032314
15,film_4_one_of_the_boys.mp4,1606735373.2699351
16,video_finish,1606736038.6024885
17,general_questions,1606736038.698432
