,Event Marker,Event Time
0,film_6_turn_it_around.mp4,1606990086.9580524
1,video_finish,1606990645.115411
2,general_questions,1606990645.2077115
3,film_2_el_mourabbi.mp4,1606990907.7187433
4,video_finish,1606991481.9388318
5,general_questions,1606991482.046769
6,film_1_chauffeur.mp4,1606991714.214232
7,video_finish,1606992298.9000363
8,general_questions,1606992299.0025437
9,film_4_one_of_the_boys.mp4,1606992509.696985
10,video_finish,1606993168.48075
11,general_questions,1606993168.5916944
12,film_5_samual.mp4,1606993329.8402786
13,video_finish,1606993955.0820887
14,general_questions,1606993955.2060237
15,film_3_de_chinese_muur.mp4,1606994250.1915047
16,video_finish,1606994866.4682934
17,general_questions,1606994866.5723002
