,Event Time,Event Marker
0,film_5_samual.mp4,1606896751.452581
1,video_finish,1606897376.7100787
2,general_questions,1606897376.8323355
3,film_2_el_mourabbi.mp4,1606897533.8564873
4,video_finish,1606898108.0768335
5,general_questions,1606898108.1557875
6,film_3_de_chinese_muur.mp4,1606898230.6463418
7,video_finish,1606898846.9240773
8,general_questions,1606898847.019529
9,film_6_turn_it_around.mp4,1606898974.2090175
10,video_finish,1606899532.3509445
11,general_questions,1606899532.4299016
12,film_1_chauffeur.mp4,1606899656.7692676
13,video_finish,1606900241.4550989
14,general_questions,1606900241.5360563
15,film_4_one_of_the_boys.mp4,1606900337.097524
16,video_finish,1606900995.881634
17,general_questions,1606900995.9825785
