,Event Time,Event Marker
0,film_2_el_mourabbi.mp4,1606895679.8360403
1,video_finish,1606896254.0513752
2,general_questions,1606896254.103348
3,film_6_turn_it_around.mp4,1606896430.018564
4,video_finish,1606896988.1673436
5,general_questions,1606896988.2103212
6,film_5_samual.mp4,1606897133.1047175
7,video_finish,1606897758.3477468
8,general_questions,1606897758.3917239
9,film_3_de_chinese_muur.mp4,1606897953.4473834
10,video_finish,1606898569.724256
11,general_questions,1606898569.7732308
12,film_4_one_of_the_boys.mp4,1606898701.1803484
13,video_finish,1606899359.9693503
14,general_questions,1606899360.0648127
15,film_1_chauffeur.mp4,1606899489.008411
16,video_finish,1606900073.6880696
17,general_questions,1606900073.736045
