,Event Time,Event Marker
0,film_2_el_mourabbi.mp4,1606998230.6894486
1,video_finish,1606998804.9098606
2,general_questions,1606998804.9922965
3,film_1_chauffeur.mp4,1606998992.7968585
4,video_finish,1606999577.4823012
5,general_questions,1606999577.5632672
6,film_6_turn_it_around.mp4,1606999745.423522
7,video_finish,1607000303.5654879
8,general_questions,1607000303.6630979
9,film_3_de_chinese_muur.mp4,1607000434.7168593
10,video_finish,1607001050.9938457
11,general_questions,1607001051.0907943
12,film_4_one_of_the_boys.mp4,1607001214.9367616
13,video_finish,1607001873.7185404
14,general_questions,1607001873.8284762
15,film_5_samual.mp4,1607002025.5986338
16,video_finish,1607002650.8574197
17,general_questions,1607002650.9693534
