,Event Marker,Event Time
0,film_5_samual.mp4,1607075893.069418
1,video_finish,1607076518.3120532
2,general_questions,1607076518.4499803
3,film_6_turn_it_around.mp4,1607076743.6412973
4,video_finish,1607077301.7894971
5,general_questions,1607077301.8444514
6,film_1_chauffeur.mp4,1607077431.9947238
7,video_finish,1607078016.6736934
8,general_questions,1607078016.727662
9,film_2_el_mourabbi.mp4,1607078160.4782434
10,video_finish,1607078734.6922326
11,general_questions,1607078734.7472034
12,film_4_one_of_the_boys.mp4,1607078835.999088
13,video_finish,1607079494.7892828
14,general_questions,1607079494.8612447
15,film_3_de_chinese_muur.mp4,1607079653.824697
16,video_finish,1607080270.101502
17,general_questions,1607080270.2284331
