,Event Time,Event Marker
0,film_4_one_of_the_boys.mp4,1606826845.1912925
1,video_finish,1606827503.9748595
2,general_questions,1606827504.0882998
3,film_1_chauffeur.mp4,1606827631.74264
4,video_finish,1606828216.4278228
5,general_questions,1606828216.5227644
6,film_5_samual.mp4,1606828353.5111656
7,video_finish,1606828978.7528274
8,general_questions,1606828978.835289
9,film_6_turn_it_around.mp4,1606829106.0049906
10,video_finish,1606829664.1635525
11,general_questions,1606829664.2385132
12,film_3_de_chinese_muur.mp4,1606829781.466799
13,video_finish,1606830397.7444687
14,general_questions,1606830397.85541
15,film_2_el_mourabbi.mp4,1606830519.3985448
16,video_finish,1606831093.6195264
17,general_questions,1606831093.7564495
