,Event Time,Event Marker
0,film_2_el_mourabbi.mp4,1606816414.9801636
1,video_finish,1606816989.2006633
2,general_questions,1606816989.2898772
3,film_1_chauffeur.mp4,1606817407.7455747
4,video_finish,1606817992.4313295
5,general_questions,1606817992.5091865
6,film_6_turn_it_around.mp4,1606818228.1222494
7,video_finish,1606818786.2636223
8,general_questions,1606818786.341577
9,film_3_de_chinese_muur.mp4,1606818981.1152675
10,video_finish,1606819597.3932042
11,general_questions,1606819597.4971428
12,film_5_samual.mp4,1606819847.6467125
13,video_finish,1606820472.889178
14,general_questions,1606820472.977548
15,film_4_one_of_the_boys.mp4,1606820650.2442555
16,video_finish,1606821309.0288866
17,general_questions,1606821309.1448243
