,Event Time,Event Marker
0,film_4_one_of_the_boys.mp4,1606729836.2281628
1,video_finish,1606730501.5665925
2,general_questions,1606730501.7891781
3,film_2_el_mourabbi.mp4,1606730689.383459
4,video_finish,1606731293.7110047
5,general_questions,1606731293.8647177
6,film_6_turn_it_around.mp4,1606731410.400282
7,video_finish,1606731977.3324156
8,general_questions,1606731977.4706433
9,film_1_chauffeur.mp4,1606732139.500513
10,video_finish,1606732744.14548
11,general_questions,1606732744.3161628
12,film_5_samual.mp4,1606732933.7280672
13,video_finish,1606733576.8523433
14,general_questions,1606733577.0110476
15,film_3_de_chinese_muur.mp4,1606733780.617023
16,video_finish,1606734412.2596786
17,general_questions,1606734412.3799553
