,Event Time,Event Marker
0,film_2_el_mourabbi.mp4,1607091500.4789834
1,video_finish,1607092074.6927838
2,general_questions,1607092074.7345705
3,film_1_chauffeur.mp4,1607092279.707293
4,video_finish,1607092864.387438
5,general_questions,1607092864.4354122
6,film_6_turn_it_around.mp4,1607093054.8690267
7,video_finish,1607093613.0187087
8,general_questions,1607093613.0616868
9,film_3_de_chinese_muur.mp4,1607093719.7084289
10,video_finish,1607094335.984844
11,general_questions,1607094336.0298216
12,film_4_one_of_the_boys.mp4,1607094452.1418903
13,video_finish,1607095110.9314275
14,general_questions,1607095111.0003903
15,film_5_samual.mp4,1607095225.9379148
16,video_finish,1607095851.1795747
17,general_questions,1607095851.266527
