,Event Time,Event Marker
0,film_1_chauffeur.mp4,1606745274.9916613
1,video_finish,1606745859.6711626
2,general_questions,1606745859.7909434
3,film_3_de_chinese_muur.mp4,1606746080.7847896
4,video_finish,1606746697.0613794
5,general_questions,1606746697.1686792
6,film_5_samual.mp4,1606746837.748971
7,video_finish,1606747462.9914434
8,general_questions,1606747463.1122077
9,film_2_el_mourabbi.mp4,1606747584.5636284
10,video_finish,1606748158.7781465
11,general_questions,1606748158.872955
12,film_4_one_of_the_boys.mp4,1606748275.1674757
13,video_finish,1606748933.957322
14,general_questions,1606748934.122019
15,film_6_turn_it_around.mp4,1606749057.5794454
16,video_finish,1606749615.7280576
17,general_questions,1606749615.8303695
