,Event Marker,Event Time
0,film_2_el_mourabbi.mp4,1607067668.9608686
1,video_finish,1607068243.1757672
2,general_questions,1607068243.2571092
3,film_6_turn_it_around.mp4,1607068398.961316
4,video_finish,1607068957.1102448
5,general_questions,1607068957.1672142
6,film_3_de_chinese_muur.mp4,1607069091.1646655
7,video_finish,1607069707.4410524
8,general_questions,1607069707.5120153
9,film_5_samual.mp4,1607069846.5287118
10,video_finish,1607070471.770836
11,general_questions,1607070471.834812
12,film_1_chauffeur.mp4,1607070629.6234696
13,video_finish,1607071214.3033597
14,general_questions,1607071214.363331
15,film_4_one_of_the_boys.mp4,1607071360.4899068
16,video_finish,1607072019.2796552
17,general_questions,1607072019.3506253
