,Event Marker,Event Time
0,film_6_turn_it_around.mp4,1606809756.7899635
1,video_finish,1606810314.9384449
2,general_questions,1606810315.0494823
3,film_1_chauffeur.mp4,1606810537.0347269
4,video_finish,1606811121.7141104
5,general_questions,1606811121.8253872
6,film_3_de_chinese_muur.mp4,1606811304.7151494
7,video_finish,1606811920.9912927
8,general_questions,1606811921.1225493
9,film_5_samual.mp4,1606812167.8857584
10,video_finish,1606812793.1282601
11,general_questions,1606812793.2520282
12,film_2_el_mourabbi.mp4,1606812994.876889
13,video_finish,1606813569.0905335
14,general_questions,1606813569.2063348
15,film_4_one_of_the_boys.mp4,1606813712.6615262
16,video_finish,1606814371.4516969
17,general_questions,1606814371.5714898
