,Event Marker,Event Time
0,film_1_chauffeur.mp4,1607006901.6166556
1,video_finish,1607007486.3020883
2,general_questions,1607007486.4056268
3,film_2_el_mourabbi.mp4,1607007673.9052782
4,video_finish,1607008248.1265109
5,general_questions,1607008248.2144608
6,film_3_de_chinese_muur.mp4,1607008385.5254755
7,video_finish,1607009001.8032312
8,general_questions,1607009001.905172
9,film_5_samual.mp4,1607009214.4169126
10,video_finish,1607009839.6582038
11,general_questions,1607009839.7511415
12,film_6_turn_it_around.mp4,1607009972.658198
13,video_finish,1607010530.799975
14,general_questions,1607010530.9069157
15,film_4_one_of_the_boys.mp4,1607010718.454449
16,video_finish,1607011377.2371767
17,general_questions,1607011377.336666
