,Event Marker,Event Time
0,film_5_samual.mp4,1606982660.1875713
1,video_finish,1606983285.4329462
2,general_questions,1606983285.4975877
3,film_2_el_mourabbi.mp4,1606983461.3813486
4,video_finish,1606984035.594072
5,general_questions,1606984035.628057
6,film_6_turn_it_around.mp4,1606984147.6342368
7,video_finish,1606984705.7833316
8,general_questions,1606984705.8133204
9,film_1_chauffeur.mp4,1606984812.4404383
10,video_finish,1606985397.1197798
11,general_questions,1606985397.1597617
12,film_4_one_of_the_boys.mp4,1606985516.0429318
13,video_finish,1606986174.8326244
14,general_questions,1606986174.8925939
15,film_3_de_chinese_muur.mp4,1606986282.8057551
16,video_finish,1606986899.0823638
17,general_questions,1606986899.1872754
