,Event Marker,Event Time
0,film_5_samual.mp4,1606748712.314656
1,video_finish,1606749337.5569308
2,general_questions,1606749337.651382
3,film_1_chauffeur.mp4,1606749590.8426414
4,video_finish,1606750175.5286555
5,general_questions,1606750175.6056142
6,film_4_one_of_the_boys.mp4,1606750427.148629
7,video_finish,1606751085.9320698
8,general_questions,1606751086.0180204
9,film_6_turn_it_around.mp4,1606751264.303965
10,video_finish,1606751822.446782
11,general_questions,1606751822.5487278
12,film_3_de_chinese_muur.mp4,1606752052.0891976
13,video_finish,1606752668.3653958
14,general_questions,1606752668.4593403
15,film_2_el_mourabbi.mp4,1606752877.697146
16,video_finish,1606753451.9188793
17,general_questions,1606753451.9986138
