,Event Marker,Event Time
0,film_4_one_of_the_boys.mp4,1606920284.8415017
1,video_finish,1606920943.6244137
2,general_questions,1606920943.7203615
3,film_5_samual.mp4,1606921144.658074
4,video_finish,1606921769.9001923
5,general_questions,1606921769.9941404
6,film_3_de_chinese_muur.mp4,1606921999.3916535
7,video_finish,1606922615.6701326
8,general_questions,1606922615.7660818
9,film_6_turn_it_around.mp4,1606922834.9986815
10,video_finish,1606923393.1403036
11,general_questions,1606923393.2216933
12,film_1_chauffeur.mp4,1606923607.4537067
13,video_finish,1606924192.1392338
14,general_questions,1606924192.24468
15,film_2_el_mourabbi.mp4,1606924369.0278459
16,video_finish,1606924943.248853
17,general_questions,1606924943.3527946
