,Event Time,Event Marker
0,film_5_samual.mp4,1606988894.0915463
1,video_finish,1606989519.3342557
2,general_questions,1606989519.3882294
3,film_3_de_chinese_muur.mp4,1606989679.736376
4,video_finish,1606990296.0123477
5,general_questions,1606990296.0683098
6,film_2_el_mourabbi.mp4,1606990415.5687728
7,video_finish,1606990989.782222
8,general_questions,1606990989.8411925
9,film_1_chauffeur.mp4,1606991120.3704612
10,video_finish,1606991705.0497015
11,general_questions,1606991705.081686
12,film_4_one_of_the_boys.mp4,1606991867.701781
13,video_finish,1606992526.4917045
14,general_questions,1606992526.6106384
15,film_6_turn_it_around.mp4,1606992634.8818514
16,video_finish,1606993193.0309668
17,general_questions,1606993193.0609531
