,Event Time,Event Marker
0,film_5_samual.mp4,1607076719.1666367
1,video_finish,1607077344.4091222
2,general_questions,1607077344.5130572
3,film_3_de_chinese_muur.mp4,1607077482.9251459
4,video_finish,1607078099.2014732
5,general_questions,1607078099.288415
6,film_2_el_mourabbi.mp4,1607078246.28246
7,video_finish,1607078820.5034986
8,general_questions,1607078820.5894623
9,film_1_chauffeur.mp4,1607078932.2425058
10,video_finish,1607079516.927539
11,general_questions,1607079517.0080693
12,film_4_one_of_the_boys.mp4,1607079648.6944542
13,video_finish,1607080307.4783268
14,general_questions,1607080307.629244
15,film_6_turn_it_around.mp4,1607080419.1171322
16,video_finish,1607080977.259118
17,general_questions,1607080977.3380723
