,Event Time,Event Marker
0,film_4_one_of_the_boys.mp4,1606833282.3356907
1,video_finish,1606833941.1188571
2,general_questions,1606833941.2308164
3,film_1_chauffeur.mp4,1606834129.9216058
4,video_finish,1606834714.607422
5,general_questions,1606834714.7018182
6,film_2_el_mourabbi.mp4,1606834876.1838362
7,video_finish,1606835450.4046485
8,general_questions,1606835450.492478
9,film_6_turn_it_around.mp4,1606835556.7443888
10,video_finish,1606836114.886706
11,general_questions,1606836114.9896524
12,film_5_samual.mp4,1606836254.7021914
13,video_finish,1606836879.9612885
14,general_questions,1606836880.0741513
15,film_3_de_chinese_muur.mp4,1606836978.2194102
16,video_finish,1606837594.4967706
17,general_questions,1606837594.614694
