,Event Marker,Event Time
0,film_6_turn_it_around.mp4,1607069593.624651
1,video_finish,1607070151.7831428
2,general_questions,1607070151.8780925
3,film_3_de_chinese_muur.mp4,1607070356.4145625
4,video_finish,1607070972.6927876
5,general_questions,1607070972.781042
6,film_2_el_mourabbi.mp4,1607071223.046531
7,video_finish,1607071797.2680326
8,general_questions,1607071797.3559537
9,film_5_samual.mp4,1607071941.0651467
10,video_finish,1607072566.3068058
11,general_questions,1607072566.3957546
12,film_1_chauffeur.mp4,1607072735.1987195
13,video_finish,1607073319.88341
14,general_questions,1607073320.0053296
15,film_4_one_of_the_boys.mp4,1607073512.5697293
16,video_finish,1607074171.352781
17,general_questions,1607074171.4687128
