,Event Marker,Event Time
0,film_1_chauffeur.mp4,1606823789.3775883
1,video_finish,1606824374.057967
2,general_questions,1606824374.117763
3,film_5_samual.mp4,1606824616.419498
4,video_finish,1606825241.6628778
5,general_questions,1606825241.733842
6,film_6_turn_it_around.mp4,1606825403.7813642
7,video_finish,1606825961.9312353
8,general_questions,1606825961.965221
9,film_4_one_of_the_boys.mp4,1606826086.3032234
10,video_finish,1606826745.0926983
11,general_questions,1606826745.1886454
12,film_3_de_chinese_muur.mp4,1606826894.7633843
13,video_finish,1606827511.0409195
14,general_questions,1606827511.085896
15,film_2_el_mourabbi.mp4,1606827674.5760107
16,video_finish,1606828248.7905786
17,general_questions,1606828248.8385484
