,Event Marker,Event Time
0,film_2_el_mourabbi.mp4,1607084874.675125
1,video_finish,1607085448.9114428
2,general_questions,1607085449.028372
3,film_5_samual.mp4,1607085570.3840244
4,video_finish,1607086195.642407
5,general_questions,1607086195.7583451
6,film_6_turn_it_around.mp4,1607086294.91812
7,video_finish,1607086853.0765953
8,general_questions,1607086853.1815395
9,film_3_de_chinese_muur.mp4,1607086933.9399133
10,video_finish,1607087550.2169337
11,general_questions,1607087550.3338706
12,film_4_one_of_the_boys.mp4,1607087651.6424003
13,video_finish,1607088310.4255064
14,general_questions,1607088310.5555177
15,film_1_chauffeur.mp4,1607088417.3824122
16,video_finish,1607089002.067017
17,general_questions,1607089002.179968
