,Event Time,Event Marker
0,film_2_el_mourabbi.mp4,1607092720.9656942
1,video_finish,1607093295.1866474
2,general_questions,1607093295.2965877
3,film_5_samual.mp4,1607093666.7775488
4,video_finish,1607094292.0352926
5,general_questions,1607094292.1452353
6,film_6_turn_it_around.mp4,1607094461.6094365
7,video_finish,1607095019.7681296
8,general_questions,1607095019.8490887
9,film_3_de_chinese_muur.mp4,1607095200.906751
10,video_finish,1607095817.1843164
11,general_questions,1607095817.2772665
12,film_4_one_of_the_boys.mp4,1607096013.3343894
13,video_finish,1607096672.1186283
14,general_questions,1607096672.2775416
15,film_1_chauffeur.mp4,1607096809.5679052
16,video_finish,1607097394.2525878
17,general_questions,1607097394.3395252
