,Event Marker,Event Time
0,film_3_de_chinese_muur.mp4,1606997250.9029243
1,video_finish,1606997867.1798055
2,general_questions,1606997867.264759
3,film_4_one_of_the_boys.mp4,1606998037.2975664
4,video_finish,1606998696.0872645
5,general_questions,1606998696.1282544
6,film_6_turn_it_around.mp4,1606998838.9750082
7,video_finish,1606999397.1227992
8,general_questions,1606999397.1532922
9,film_2_el_mourabbi.mp4,1606999531.4272485
10,video_finish,1607000105.6404753
11,general_questions,1607000105.6864536
12,film_1_chauffeur.mp4,1607000223.5640411
13,video_finish,1607000808.2436626
14,general_questions,1607000808.284641
15,film_5_samual.mp4,1607000984.811029
16,video_finish,1607001610.070107
17,general_questions,1607001610.1130843
