,Event Time,Event Marker
0,film_6_turn_it_around.mp4,1606902638.9985037
1,video_finish,1606903197.1480274
2,general_questions,1606903197.1814919
3,film_2_el_mourabbi.mp4,1606903556.9984057
4,video_finish,1606904131.2135196
5,general_questions,1606904131.2439675
6,film_4_one_of_the_boys.mp4,1606904288.299493
7,video_finish,1606904947.0895772
8,general_questions,1606904947.131555
9,film_1_chauffeur.mp4,1606905240.3801446
10,video_finish,1606905825.0598476
11,general_questions,1606905825.091829
12,film_3_de_chinese_muur.mp4,1606906030.175242
13,video_finish,1606906646.4520493
14,general_questions,1606906646.4850326
15,film_5_samual.mp4,1606906853.750582
16,video_finish,1606907478.993887
17,general_questions,1606907479.026872
