,Event Marker,Event Time
0,film_3_de_chinese_muur.mp4,1606913225.947316
1,video_finish,1606913842.2251651
2,general_questions,1606913842.3341014
3,film_4_one_of_the_boys.mp4,1606913964.6950471
4,video_finish,1606914623.4778745
5,general_questions,1606914623.5878174
6,film_6_turn_it_around.mp4,1606914720.8542724
7,video_finish,1606915279.0125046
8,general_questions,1606915279.094972
9,film_1_chauffeur.mp4,1606915361.5925987
10,video_finish,1606915946.2779539
11,general_questions,1606915946.3599057
12,film_2_el_mourabbi.mp4,1606916063.8984704
13,video_finish,1606916638.1201282
14,general_questions,1606916638.198088
15,film_5_samual.mp4,1606916718.1169372
16,video_finish,1606917343.3755105
17,general_questions,1606917343.4574366
