,Event Marker,Event Time
0,film_6_turn_it_around.mp4,1606918797.0160139
1,video_finish,1606919355.1648414
2,general_questions,1606919355.257785
3,film_3_de_chinese_muur.mp4,1606919510.8341074
4,video_finish,1606920127.1118586
5,general_questions,1606920127.200815
6,film_2_el_mourabbi.mp4,1606920294.064061
7,video_finish,1606920868.2774172
8,general_questions,1606920868.344379
9,film_5_samual.mp4,1606921009.1320093
10,video_finish,1606921634.3750572
11,general_questions,1606921634.4530203
12,film_1_chauffeur.mp4,1606921762.88051
13,video_finish,1606922347.5599427
14,general_questions,1606922347.6239061
15,film_4_one_of_the_boys.mp4,1606922480.7487605
16,video_finish,1606923139.538989
17,general_questions,1606923139.6984742
