,Event Marker,Event Time
0,film_2_el_mourabbi.mp4,1606817269.514026
1,video_finish,1606817843.7285504
2,general_questions,1606817843.7752428
3,film_1_chauffeur.mp4,1606817945.7361274
4,video_finish,1606818530.416277
5,general_questions,1606818530.458781
6,film_6_turn_it_around.mp4,1606818663.2544465
7,video_finish,1606819221.4038963
8,general_questions,1606819221.4374182
9,film_3_de_chinese_muur.mp4,1606819311.1622334
10,video_finish,1606819927.4400659
11,general_questions,1606819927.5303783
12,film_5_samual.mp4,1606820040.0794542
13,video_finish,1606820665.3234942
14,general_questions,1606820665.3627806
15,film_4_one_of_the_boys.mp4,1606820791.6120095
16,video_finish,1606821450.4020312
17,general_questions,1606821450.5454423
